 {
 "1":
 {
   "solution phases": {
     "gas_ideal": {
       "phase model": "IDMX",
       "moles": 0.0,
       "driving force":   2.7954264008088725E+001,
       "species": {
         "Cl": {
           "mole fraction":   8.7103782195876051E-026 ,
           "moles":  0.0000000000000000E+000,
           "chemical potential":   0.0000000000000000      ,
           "stoichiometry": [   0.0000000000000000      ,   1.0000000000000000      ]
         },
         "Cl2": {
           "mole fraction":   4.5660372884108545E-039 ,
           "moles":  0.0000000000000000E+000,
           "chemical potential":   0.0000000000000000      ,
           "stoichiometry": [   0.0000000000000000      ,   2.0000000000000000      ]
         },
         "Pu": {
           "mole fraction":   6.7703114167651541E-020 ,
           "moles":  0.0000000000000000E+000,
           "chemical potential":   0.0000000000000000      ,
           "stoichiometry": [   1.0000000000000000      ,   0.0000000000000000      ]
         },
         "PuCl3": {
           "mole fraction":   7.2379796044503117E-013 ,
           "moles":  0.0000000000000000E+000,
           "chemical potential":   0.0000000000000000      ,
           "stoichiometry": [   1.0000000000000000      ,   3.0000000000000000      ]
         },
         "PuCl4": {
           "mole fraction":   5.4303465691349731E-025 ,
           "moles":  0.0000000000000000E+000,
           "chemical potential":   0.0000000000000000      ,
           "stoichiometry": [   1.0000000000000000      ,   4.0000000000000000      ]
         }
       },
       "elements": {
         "Pu": {
           "moles of element in phase":  0.0000000000000000E+000,
           "mole fraction of phase by element":  0.25000001753844980      ,
           "mole fraction of element by phase":   0.0000000000000000     
         },
         "Cl": {
           "moles of element in phase":  0.0000000000000000E+000,
           "mole fraction of phase by element":  0.74999998246155020      ,
           "mole fraction of element by phase":   0.0000000000000000     
         }
       }
     },
     "MSCL": {
       "phase model": "SUBQ",
       "moles": 0.0,
       "driving force":   5.1421226681102084E-001,
       "cations": {
         "Pu[CN=VI": {
           "mole fraction":    1.5663252518782080E-004 ,
           "charge":    3.0000000000000000      ,
           "chemical group":            3
         },
         "Pu[Dimer": {
           "mole fraction":   0.99984336747481206      ,
           "charge":    6.0000000000000000      ,
           "chemical group":            3
         }
       },
       "anions": {
         "Cl": {
           "mole fraction":    1.0000000000000000      ,
           "charge":   -1.0000000000000000      ,
           "chemical group":            1
         }
       },
       "moles of endmembers":    0.0000000000000000      ,
       "endmembers": {
         "Pu[CN=VI]Cl3": {
           "mole fraction":    1.5663252518782080E-004 ,
           "constituents": [ "Pu[CN=VI", "Cl" ],
           "stoichiometric coefficients": [   1.0000000000000000      ,   3.0000000000000000      ]
           },
         "Pu[Dimer]Cl6": {
           "mole fraction":   0.99984336747481206      ,
           "constituents": [ "Pu[Dimer", "Cl" ],
           "stoichiometric coefficients": [   1.0000000000000000      ,   6.0000000000000000      ]
           }
       },
       "quadruplets": {
         "Pu[CN=VI-Pu[CN=VI-Cl-Cl": {
           "mole fraction":   2.0814891087643975E-007 ,
           "moles":  0.0000000000000000E+000,
           "chemical potential":  -338138.23498431500      ,
           "constituents": [ "Pu[CN=VI", "Pu[CN=VI", "Cl", "Cl" ],
           "coordination numbers": [   6.0000000000000000      ,   6.0000000000000000      ,   2.0000000000000000      ,   2.0000000000000000      ],
           "stoichiometry": [  0.33333333333333331      ,   1.0000000000000000      ]
         },
         "Pu[Dimer-Pu[Dimer-Cl-Cl": {
           "mole fraction":  0.99968694309853512      ,
           "moles":  0.0000000000000000E+000,
           "chemical potential":  -723604.35422039055      ,
           "constituents": [ "Pu[Dimer", "Pu[Dimer", "Cl", "Cl" ],
           "coordination numbers": [   6.0000000000000000      ,   6.0000000000000000      ,   1.0000000000000000      ,   1.0000000000000000      ],
           "stoichiometry": [  0.66666666666666663      ,   2.0000000000000000      ]
         },
         "Pu[CN=VI-Pu[Dimer-Cl-Cl": {
           "mole fraction":   3.1284875255388874E-004 ,
           "moles":  0.0000000000000000E+000,
           "chemical potential":  -537305.10811018466      ,
           "constituents": [ "Pu[CN=VI", "Pu[Dimer", "Cl", "Cl" ],
           "coordination numbers": [   6.0000000000000000      ,   6.0000000000000000      ,   1.3333333333333333      ,   1.3333333333333333      ],
           "stoichiometry": [  0.50000000000000000      ,   1.5000000000000000      ]
         }
       },
       "elements": {
         "Pu": {
           "moles of element in phase":  0.0000000000000000E+000,
           "mole fraction of phase by element":  0.25000000000000000      ,
           "mole fraction of element by phase":   0.0000000000000000     
         },
         "Cl": {
           "moles of element in phase":  0.0000000000000000E+000,
           "mole fraction of phase by element":  0.75000000000000000      ,
           "mole fraction of element by phase":   0.0000000000000000     
         }
       }
     },
     "MSCL#3": {
       "phase model": "SUBQ",
       "moles": 0.0,
       "driving force":   0.0000000000000000E+000,
       "cations": {
         "Pu[CN=VI": {
           "mole fraction":    1.8654639862919335E-004 ,
           "charge":    3.0000000000000000      ,
           "chemical group":            3
         },
         "Pu[Dimer": {
           "mole fraction":   0.99981345360137086      ,
           "charge":    6.0000000000000000      ,
           "chemical group":            3
         }
       },
       "anions": {
         "Cl": {
           "mole fraction":    1.0000000000000000      ,
           "charge":   -1.0000000000000000      ,
           "chemical group":            1
         }
       },
       "moles of endmembers":    0.0000000000000000      ,
       "endmembers": {
         "Pu[CN=VI]Cl3": {
           "mole fraction":    1.8654639862919335E-004 ,
           "constituents": [ "Pu[CN=VI", "Cl" ],
           "stoichiometric coefficients": [   1.0000000000000000      ,   3.0000000000000000      ]
           },
         "Pu[Dimer]Cl6": {
           "mole fraction":   0.99981345360137086      ,
           "constituents": [ "Pu[Dimer", "Cl" ],
           "stoichiometric coefficients": [   1.0000000000000000      ,   6.0000000000000000      ]
           }
       },
       "quadruplets": {
         "Pu[CN=VI-Pu[CN=VI-Cl-Cl": {
           "mole fraction":   2.0814891087644076E-005 ,
           "moles":  0.0000000000000000E+000,
           "chemical potential":  -312205.96957448730      ,
           "constituents": [ "Pu[CN=VI", "Pu[CN=VI", "Cl", "Cl" ],
           "coordination numbers": [   6.0000000000000000      ,   6.0000000000000000      ,   2.0000000000000000      ,   2.0000000000000000      ],
           "stoichiometry": [  0.33333333333333331      ,   1.0000000000000000      ]
         },
         "Pu[Dimer-Pu[Dimer-Cl-Cl": {
           "mole fraction":  0.99964772209382924      ,
           "moles":  0.0000000000000000E+000,
           "chemical potential":  -723604.29031385563      ,
           "constituents": [ "Pu[Dimer", "Pu[Dimer", "Cl", "Cl" ],
           "coordination numbers": [   6.0000000000000000      ,   6.0000000000000000      ,   1.0000000000000000      ,   1.0000000000000000      ],
           "stoichiometry": [  0.66666666666666663      ,   2.0000000000000000      ]
         },
         "Pu[CN=VI-Pu[Dimer-Cl-Cl": {
           "mole fraction":   3.3146301508309856E-004 ,